{
  "video_file": "data/27c07befeb2f18bb2a0d69db231a4b8b.mp4",
  "video_name": "27c07befeb2f18bb2a0d69db231a4b8b",
  "text": " 2 năm thì là ngày xe vui tháng, nhưng mình đi giữ xúc cơ đã bắt đầu chạy chương trình cho anh em kể từ ngày 20 tư rồi Anh em thấy a bắt à của mình ở đây nó đang nhấp nháy đó không? Tức là mình đang lai rồi, đã có rất nhiều vưu cho nó nòng mái và nổ cực kỳ mạnh trong lai rồi Anh em vào ngày trong lai để còn săn phân cung 6 phú mềm 10 Các môi hai phê vô vô nông, cấp viên bản dây hàng Việt Nam và kể cả là vâp o các phú mềm 10 nhất thì cũng đã về hàng và được xeo rất sâu trong lai rồi Bảo hôm nay trong lai để còn săn dài đi và đừng quên đang khí sáng kích sự kiện lai vào lúc 21 rở đây em ngày 18 người Bắt vô mềm 4 ná cà đồng mềm 1 xếp vào đầu đồng bỏ bán Anh em hiểu đang khí sáng sự kiện, bảo hôm nay trong lai để còn săn dài gần nha",
  "language": "vi",
  "segments": [
    {
      "id": 0,
      "seek": 0,
      "start": 0.0,
      "end": 5.36,
      "text": " 2 năm thì là ngày xe vui tháng, nhưng mình đi giữ xúc cơ đã bắt đầu chạy chương trình cho anh em kể từ ngày 20 tư rồi",
      "tokens": [
        50364,
        568,
        38098,
        17510,
        3684,
        34481,
        2031,
        68,
        371,
        3077,
        258,
        30344,
        11,
        37504,
        14526,
        13264,
        1735,
        12225,
        2031,
        31585,
        269,
        9621,
        17283,
        272,
        31454,
        32573,
        417,
        5890,
        88,
        417,
        24605,
        504,
        10116,
        1586,
        18931,
        846,
        350,
        9571,
        26834,
        34481,
        945,
        256,
        4228,
        19908,
        50632
      ],
      "temperature": 0.0,
      "avg_logprob": -0.5531104871961805,
      "compression_ratio": 1.6850574712643678,
      "no_speech_prob": 0.31521356105804443
    },
    {
      "id": 1,
      "seek": 0,
      "start": 5.36,
      "end": 7.66,
      "text": " Anh em thấy a bắt à của mình ở đây nó đang nhấp nháy đó không?",
      "tokens": [
        50632,
        23574,
        846,
        27793,
        257,
        272,
        31454,
        1531,
        11990,
        14526,
        19272,
        20199,
        6604,
        30723,
        6245,
        47176,
        6245,
        842,
        88,
        17647,
        11415,
        30,
        50747
      ],
      "temperature": 0.0,
      "avg_logprob": -0.5531104871961805,
      "compression_ratio": 1.6850574712643678,
      "no_speech_prob": 0.31521356105804443
    },
    {
      "id": 2,
      "seek": 0,
      "start": 7.66,
      "end": 12.26,
      "text": " Tức là mình đang lai rồi, đã có rất nhiều vưu cho nó nòng mái và nổ cực kỳ mạnh trong lai rồi",
      "tokens": [
        50747,
        314,
        27138,
        3684,
        14526,
        30723,
        635,
        72,
        19908,
        11,
        17283,
        6333,
        25147,
        28272,
        371,
        4228,
        84,
        1586,
        6604,
        297,
        36782,
        12228,
        72,
        10274,
        297,
        20950,
        9613,
        109,
        66,
        350,
        1297,
        111,
        275,
        45782,
        18826,
        635,
        72,
        19908,
        50977
      ],
      "temperature": 0.0,
      "avg_logprob": -0.5531104871961805,
      "compression_ratio": 1.6850574712643678,
      "no_speech_prob": 0.31521356105804443
    },
    {
      "id": 3,
      "seek": 0,
      "start": 12.26,
      "end": 14.780000000000001,
      "text": " Anh em vào ngày trong lai để còn săn phân cung 6 phú mềm 10",
      "tokens": [
        50977,
        23574,
        846,
        24995,
        34481,
        18826,
        635,
        72,
        20081,
        31394,
        262,
        49214,
        903,
        9667,
        269,
        1063,
        1386,
        903,
        2481,
        275,
        9602,
        76,
        1266,
        51103
      ],
      "temperature": 0.0,
      "avg_logprob": -0.5531104871961805,
      "compression_ratio": 1.6850574712643678,
      "no_speech_prob": 0.31521356105804443
    },
    {
      "id": 4,
      "seek": 0,
      "start": 14.780000000000001,
      "end": 22.580000000000002,
      "text": " Các môi hai phê vô vô nông, cấp viên bản dây hàng Việt Nam và kể cả là vâp o các phú mềm 10 nhất thì cũng đã về hàng và được xeo rất sâu trong lai rồi",
      "tokens": [
        51103,
        383,
        21563,
        275,
        12213,
        21822,
        903,
        1307,
        371,
        2851,
        371,
        2851,
        297,
        8217,
        11,
        269,
        47176,
        1932,
        5050,
        272,
        31926,
        274,
        12108,
        48373,
        32936,
        10684,
        10274,
        350,
        9571,
        22227,
        3684,
        371,
        3201,
        79,
        277,
        13250,
        903,
        2481,
        275,
        9602,
        76,
        1266,
        41081,
        17510,
        22747,
        17283,
        25652,
        48373,
        10274,
        15832,
        2031,
        68,
        78,
        25147,
        262,
        24325,
        18826,
        635,
        72,
        19908,
        51493
      ],
      "temperature": 0.0,
      "avg_logprob": -0.5531104871961805,
      "compression_ratio": 1.6850574712643678,
      "no_speech_prob": 0.31521356105804443
    },
    {
      "id": 5,
      "seek": 2258,
      "start": 22.58,
      "end": 28.459999999999997,
      "text": " Bảo hôm nay trong lai để còn săn dài đi và đừng quên đang khí sáng kích sự kiện lai vào lúc 21 rở đây em ngày 18 người",
      "tokens": [
        50364,
        363,
        40657,
        276,
        25670,
        34227,
        18826,
        635,
        72,
        20081,
        31394,
        262,
        49214,
        274,
        21971,
        13264,
        10274,
        2934,
        39121,
        421,
        5050,
        30723,
        7168,
        870,
        262,
        30344,
        350,
        30839,
        33602,
        6315,
        19679,
        635,
        72,
        24995,
        287,
        31585,
        5080,
        367,
        13755,
        20199,
        846,
        34481,
        2443,
        15898,
        50658
      ],
      "temperature": 0.0,
      "avg_logprob": -0.5360545418479226,
      "compression_ratio": 1.4954545454545454,
      "no_speech_prob": 0.8594791293144226
    },
    {
      "id": 6,
      "seek": 2258,
      "start": 28.459999999999997,
      "end": 30.9,
      "text": " Bắt vô mềm 4 ná cà đồng mềm 1 xếp vào đầu đồng bỏ bán",
      "tokens": [
        50658,
        363,
        31454,
        371,
        2851,
        275,
        9602,
        76,
        1017,
        297,
        842,
        269,
        1467,
        2934,
        35070,
        275,
        9602,
        76,
        502,
        2031,
        6115,
        79,
        24995,
        32573,
        2934,
        35070,
        272,
        21920,
        272,
        7200,
        50780
      ],
      "temperature": 0.0,
      "avg_logprob": -0.5360545418479226,
      "compression_ratio": 1.4954545454545454,
      "no_speech_prob": 0.8594791293144226
    },
    {
      "id": 7,
      "seek": 2258,
      "start": 30.9,
      "end": 34.2,
      "text": " Anh em hiểu đang khí sáng sự kiện, bảo hôm nay trong lai để còn săn dài gần nha",