{
  "video_file": "data/94d0af6e42dc8381d3456b5d549ee9c1.mp4",
  "video_name": "94d0af6e42dc8381d3456b5d549ee9c1",
  "text": " Với ví chặt sau trên mô mô, chỉ thắng nào dùng bạc mặt tôn phí 30.000 mô tháng. Công dùng, không tôn phí, mở ví chặt sau trên mô mô liên đi!",
  "language": "vi",
  "segments": [
    {
      "id": 0,
      "seek": 0,
      "start": 0.0,
      "end": 4.0,
      "text": " Với ví chặt sau trên mô mô, chỉ thắng nào dùng bạc mặt tôn phí 30.000 mô tháng.",
      "tokens": [
        50364,
        691,
        12242,
        6153,
        417,
        38248,
        17828,
        33187,
        275,
        2851,
        275,
        2851,
        11,
        33566,
        258,
        46129,
        29069,
        274,
        27065,
        272,
        5890,
        66,
        275,
        38248,
        256,
        17140,
        903,
        870,
        2217,
        13,
        1360,
        275,
        2851,
        258,
        30344,
        13,
        50564
      ],
      "temperature": 0.0,
      "avg_logprob": -0.5918578523578066,
      "compression_ratio": 1.3014705882352942,
      "no_speech_prob": 0.26573729515075684
    },
    {
      "id": 1,
      "seek": 0,
      "start": 4.5600000000000005,
      "end": 8.0,
      "text": " Công dùng, không tôn phí, mở ví chặt sau trên mô mô liên đi!",
      "tokens": [
        50592,
        383,
        8217,
        274,
        27065,
        11,
        11415,
        256,
        17140,
        903,
        870,
        11,
        275,
        13755,
        6153,
        417,
        38248,
        17828,
        33187,
        275,
        2851,
        275,
        2851,
        375,
        5050,
        13264,
        0,
        50764
      ],
      "temperature": 0.0,
      "avg_logprob": -0.5918578523578066,
      "compression_ratio": 1.3014705882352942,
      "no_speech_prob": 0.26573729515075684
    }
  ],
  "transcribed_at": "2025-11-01T19:03:18.163196",
  "model": "base"
}